{
    "expression_coefficients": [
        0.0,
        0.0,
        0.0,
        0.0,
        0.0,
        0.0,
        0.0,
        0.0,
        0.0,
        0.0,
        0.0,
        0.0,
        0.0,
        0.0,
        0.0,
        0.0,
        0.0,
        0.0,
        0.0,
        0.0,
        0.0,
        0.0,
        0.0,
        0.0,
        0.0,
        0.0,
        0.0,
        0.0,
        0.0,
        0.0,
        0.0,
        0.0,
        0.0,
        0.0,
        0.0,
        0.0,
        0.0,
        0.0,
        0.0,
        0.0,
        0.0,
        0.0,
        0.0,
        0.0,
        0.0,
        0.0,
        0.0,
        0.0,
        0.0,
        0.0,
        0.0,
        0.0,
        0.0
    ],
    "identity_coefficients": [
        -0.9202722907066345,
        -1.2585458755493164,
        -0.24934729933738708,
        -0.9247258901596069,
        -0.8216460943222046,
        -0.052826594561338425,
        0.8031851649284363,
        -0.2329656183719635,
        -0.32379522919654846,
        -0.5188148021697998,
        -0.06267508119344711,
        -0.685829222202301,
        -0.16170993447303772,
        -0.08769584447145462,
        1.5452380180358887,
        -0.19848349690437317,
        -0.5133249163627625,
        -0.004917310085147619,
        0.6511029601097107,
        -0.45721936225891113,
        -1.2183666229248047,
        0.7382384538650513,
        0.3220231533050537,
        -1.0625841617584229,
        0.24350248277187347,
        0.48507994413375854,
        0.10394251346588135,
        0.2627977132797241,
        0.40683797001838684,
        -0.49977725744247437,
        -0.24775093793869019,
        -0.39315909147262573,
        0.6791010499000549,
        0.06775713711977005,
        0.38477763533592224,
        0.2407957762479782,
        0.1903512328863144,
        0.805396318435669,
        0.3274107575416565,
        0.4226689338684082,
        1.0691274404525757,
        -0.15345023572444916,
        0.31979358196258545,
        0.21179617941379547,
        0.5202211141586304,
        0.13318800926208496,
        -0.14011229574680328,
        0.15723419189453125,
        0.5486602187156677,
        -0.32827848196029663,
        0.06196681782603264,
        0.02350582182407379,
        0.21874821186065674,
        -0.2118624746799469,
        -0.020244164392352104,
        0.15172256529331207,
        -0.1930345594882965,
        -0.26355111598968506,
        -0.3273070156574249,
        -0.1291201263666153,
        -0.3231835961341858,
        -0.5839981436729431,
        0.12647774815559387,
        -0.50758296251297,
        0.13327257335186005,
        -0.09358634054660797,
        0.22091224789619446,
        0.41395846009254456,
        -0.23850345611572266,
        0.2750847339630127,
        -0.07043741643428802,
        -0.11696023494005203,
        -0.1738574504852295,
        0.08371303975582123,
        -0.3039223849773407,
        -0.37774044275283813,
        -0.024769868701696396,
        -0.05044926330447197,
        -0.18190711736679077,
        0.02166600711643696,
        -0.039091743528842926,
        -0.040154099464416504,
        -0.04251345247030258,
        0.03642008453607559,
        0.2890799045562744,
        0.08671107143163681,
        -0.02049429714679718,
        -0.13749702274799347,
        0.1761740893125534,
        0.14432351291179657,
        0.12935706973075867,
        -0.383942574262619,
        0.19529399275779724,
        0.03040177747607231,
        0.14081436395645142,
        -0.03514697775244713,
        0.0644979402422905,
        -0.05718191713094711,
        -0.010074122808873653,
        0.09686258435249329,
        0.04303019121289253,
        0.07170405983924866,
        0.03804071247577667,
        0.005998844280838966,
        -0.09571296721696854,
        0.0015064680483192205,
        0.12982097268104553,
        0.03464183211326599,
        -0.015387460589408875,
        -0.03611677512526512,
        -0.11709003895521164,
        0.03752552717924118,
        -0.06884095817804337,
        0.12024536728858948,
        0.017395175993442535,
        0.04682585597038269,
        -0.0396692156791687,
        0.00021840244880877435,
        -0.060124851763248444,
        -0.06295766681432724,
        0.01243660133332014,
        -0.055482976138591766,
        -0.010695483535528183,
        0.08249940723180771,
        0.05555320158600807,
        -0.013372783549129963,
        -0.000872926611918956,
        -0.0030791189055889845,
        0.02285633608698845,
        -0.04840673506259918,
        -0.03256691247224808,
        0.031013190746307373,
        -0.03012607991695404,
        0.051441583782434464,
        0.08378678560256958,
        0.0032735250424593687,
        -0.06426098197698593,
        -0.13851477205753326,
        -0.011394956149160862,
        0.007157986517995596,
        0.048362474888563156,
        0.0018630140693858266,
        0.0065443143248558044,
        -0.026940181851387024,
        -0.0399528332054615,
        -0.018458839505910873,
        -0.0113203264772892,
        0.009911570698022842,
        0.05561506375670433,
        0.016115693375468254,
        0.06463178992271423,
        -0.018335094675421715,
        -0.06191939860582352,
        -0.0042503890581429005,
        -0.021974915638566017,
        -0.015394159592688084,
        0.019668638706207275,
        -0.031893327832221985,
        -0.025404874235391617,
        0.03509083017706871,
        -0.013612078502774239,
        -0.009870746172964573,
        -0.025873582810163498,
        -0.0040906332433223724,
        0.02750621922314167,
        -0.023996468633413315,
        0.014401405118405819,
        -0.0024959405418485403,
        0.02006552740931511,
        -0.013470049016177654,
        -0.0007334572146646678,
        0.0001509920257376507,
        0.022590188309550285,
        -0.0004988251021131873,
        -0.028957903385162354,
        -0.022890664637088776,
        -0.011655161157250404,
        -0.004253778140991926,
        0.04290498420596123,
        -0.03275091573596001,
        -0.014973849058151245,
        -0.0017884629778563976,
        -0.06321127712726593,
        0.012567069381475449,
        -0.0012454777024686337,
        0.008662844076752663,
        -0.0007566572166979313,
        0.003987479489296675,
        0.0027491734363138676,
        0.013306714594364166,
        -7.393768464680761e-05,
        -0.003843837883323431,
        -0.0030874561052769423,
        0.00963644776493311,
        -0.0031663619447499514,
        0.0006237330380827188,
        0.0018603699281811714,
        0.004163017030805349,
        -0.0015548676019534469,
        -0.0019562195520848036
    ]
}